Workbook

Sheet 00_说明
A1: B站账号运营追踪表（作品集展示）
A3: 账号 | B3: 不是电影乐队
A4: 主页 | B4: https://space.bilibili.com/505201963
A5: 样本稿件 | B5: BV1sVAKzUEy9
A6: 快照日期 | B6: 2026-07-22
A8: 字段颜色
A9: 蓝色数字 = 手工/接口输入（可改）
A10: 黑色数字 = 公式计算结果（勿直接改）
A11: 绿色文字 = 引用其他工作表
A12: 黄色底 = 待创作中心导出后补齐的私域指标
A14: 工具链
A15: Python 拉取公开指标 → 本表公式复盘 → SQL 题材汇总 → Power BI 看板
A17: 更新方式
A18: 运行 etl_public_stats.py 刷新公开指标；完播/来源请粘贴创作中心导出到黄底列。

Sheet 01_原始数据
A1: bvid | B1: title | C1: category | D1: pubdate | E1: duration_sec | F1: views | G1: likes | H1: favorites | I1: coins | J1: shares | K1: replies | L1: danmaku | M1: avg_watch_sec | N1: completion_rate | O1: fan_delta | P1: source_top | Q1: note
A2: BV1sVAKzUEy9 | B2: 【挽救计划】披着太空冒险外皮的童话故事，无剧透简评高司令新片 | C2: 电影前瞻 | D2: 2026-03-22 | E2: 322 | F2: 3375 | G2: 1358 | H2: 182 | I2: 22 | J2: 15 | K2: 26 | L2: 18 | Q2: 公开接口快照；黄底列待创作中心补齐

Sheet 02_指标计算
A1: 稿件指标计算（引用 01_原始数据）
A3: bvid | B3: title | C3: category | D3: views | E3: likes | F3: favorites | G3: coins | H3: shares | I3: like_rate | J3: favorite_rate | K3: coin_rate | L3: share_rate | M3: interaction_rate | N3: insight
A4: ='01_原始数据'!A2 | B4: ='01_原始数据'!B2 | C4: ='01_原始数据'!C2 | D4: ='01_原始数据'!F2 | E4: ='01_原始数据'!G2 | F4: ='01_原始数据'!H2 | G4: ='01_原始数据'!I2 | H4: ='01_原始数据'!J2 | I4: =IF(OR(D4="",D4=0),"",E4/D4) | J4: =IF(OR(D4="",D4=0),"",F4/D4) | K4: =IF(OR(D4="",D4=0),"",G4/D4) | L4: =IF(OR(D4="",D4=0),"",H4/D4) | M4: =IF(OR(D4="",D4=0),"",SUM('01_原始数据'!G2:L2)/D4) | N4: =IF(D4="","",IF(I4>=0.2,"高共鸣，检查投币/分享转化","观察播放与封面点击"))
A5: ='01_原始数据'!A3 | B5: ='01_原始数据'!B3 | C5: ='01_原始数据'!C3 | D5: ='01_原始数据'!F3 | E5: ='01_原始数据'!G3 | F5: ='01_原始数据'!H3 | G5: ='01_原始数据'!I3 | H5: ='01_原始数据'!J3 | I5: =IF(OR(D5="",D5=0),"",E5/D5) | J5: =IF(OR(D5="",D5=0),"",F5/D5) | K5: =IF(OR(D5="",D5=0),"",G5/D5) | L5: =IF(OR(D5="",D5=0),"",H5/D5) | M5: =IF(OR(D5="",D5=0),"",SUM('01_原始数据'!G3:L3)/D5) | N5: =IF(D5="","",IF(I5>=0.2,"高共鸣，检查投币/分享转化","观察播放与封面点击"))
A6: ='01_原始数据'!A4 | B6: ='01_原始数据'!B4 | C6: ='01_原始数据'!C4 | D6: ='01_原始数据'!F4 | E6: ='01_原始数据'!G4 | F6: ='01_原始数据'!H4 | G6: ='01_原始数据'!I4 | H6: ='01_原始数据'!J4 | I6: =IF(OR(D6="",D6=0),"",E6/D6) | J6: =IF(OR(D6="",D6=0),"",F6/D6) | K6: =IF(OR(D6="",D6=0),"",G6/D6) | L6: =IF(OR(D6="",D6=0),"",H6/D6) | M6: =IF(OR(D6="",D6=0),"",SUM('01_原始数据'!G4:L4)/D6) | N6: =IF(D6="","",IF(I6>=0.2,"高共鸣，检查投币/分享转化","观察播放与封面点击"))
A7: ='01_原始数据'!A5 | B7: ='01_原始数据'!B5 | C7: ='01_原始数据'!C5 | D7: ='01_原始数据'!F5 | E7: ='01_原始数据'!G5 | F7: ='01_原始数据'!H5 | G7: ='01_原始数据'!I5 | H7: ='01_原始数据'!J5 | I7: =IF(OR(D7="",D7=0),"",E7/D7) | J7: =IF(OR(D7="",D7=0),"",F7/D7) | K7: =IF(OR(D7="",D7=0),"",G7/D7) | L7: =IF(OR(D7="",D7=0),"",H7/D7) | M7: =IF(OR(D7="",D7=0),"",SUM('01_原始数据'!G5:L5)/D7) | N7: =IF(D7="","",IF(I7>=0.2,"高共鸣，检查投币/分享转化","观察播放与封面点击"))
A8: ='01_原始数据'!A6 | B8: ='01_原始数据'!B6 | C8: ='01_原始数据'!C6 | D8: ='01_原始数据'!F6 | E8: ='01_原始数据'!G6 | F8: ='01_原始数据'!H6 | G8: ='01_原始数据'!I6 | H8: ='01_原始数据'!J6 | I8: =IF(OR(D8="",D8=0),"",E8/D8) | J8: =IF(OR(D8="",D8=0),"",F8/D8) | K8: =IF(OR(D8="",D8=0),"",G8/D8) | L8: =IF(OR(D8="",D8=0),"",H8/D8) | M8: =IF(OR(D8="",D8=0),"",SUM('01_原始数据'!G6:L6)/D8) | N8: =IF(D8="","",IF(I8>=0.2,"高共鸣，检查投币/分享转化","观察播放与封面点击"))
A10: 结论（样本稿）
A11: 点赞率约 40%：内容共鸣强；投币/分享偏低：片尾 CTA 与话题锚点可加强。

Sheet 03_题材对照
A1: 题材 | B1: 样本 | C1: 状态 | D1: 播放 | E1: 点赞率 | F1: 运营结论
A2: 电影前瞻 | B2: 挽救计划 | C2: 已接入 | D2: 3375 | E2: 0.40237037 | F2: 高点赞、可沉淀影评模板
A3: 财经口播 | B3: 港深通勤等 | C3: 待接入 | F3: 小红书侧作品，待统一口径
A4: 微电影 / AI | B4: 现金之城等 | C4: 待接入 | F4: 非本账号公开稿，作对照空位

Sheet 04_漏斗复盘
A1: 创作中心漏斗（待私域数据）
A3: 阶段 | B3: 指标 | C3: 数值 | D3: 转化率 | E3: 备注
A4: 曝光 | B4: 覆盖人数 | E4: 创作中心-流量来源
A5: 点击 | B5: 播放 | C5: 3375 | D5: =IF(OR(C4="",C4=0),"",C5/C4) | E5: 公开接口已填播放
A6: 完播 | B6: 完播率/均播时长 | D6: 待补完播 | E6: 黄底待导出
A7: 互动 | B7: 点赞+收藏+投币+分享+评+弹 | C7: 1621 | D7: =IF(OR(C5="",C5=0),"",C7/C5) | E7: 公开接口汇总
A8: 关注 | B8: 涨粉 | D8: 待补涨粉 | E8: 黄底待导出

Sheet 05_周报看板
A1: 本周看板 · 样本稿
A3: KPI
A4: 播放 | B4: 3375
A5: 点赞 | B5: 1358
A6: 点赞率 | B6: 0.40237037
A7: 互动率 | B7: 0.4802963
A9: 互动构成
A10: 类型 | B10: 数量
A11: 点赞 | B11: 1358
A12: 收藏 | B12: 182
A13: 评论 | B13: 26
A14: 投币 | B14: 22
A15: 弹幕 | B15: 18
A16: 分享 | B16: 15
A18: 下周行动
A19: 1. 片尾增加关注/投币口播与字幕 CTA
A20: 2. 标题/封面 A/B：强化「无剧透 + 情绪钩子」
A21: 3. 接入创作中心完播曲线，定位流失段落
A23: Power BI 建议页
A24: 页1 总览 KPI｜页2 单稿互动构成｜页3 题材矩阵（见 powerbi_model.md）
